Timestep,Average Similarity
1,0.0
2,0.37429752867254945
3,0.4411059278994799
4,0.37900295711846815
5,0.41750278515475137
6,0.4103529508624758
7,0.3826555822696537
8,0.43079087113340697
9,0.42099593818187714
10,0.3975579005252156
11,0.4018007218837738
12,0.4129591900110245
13,0.40126304542645813
14,0.44445257697786605
15,0.4165711658341544
