Timestep,Average Similarity
1,0.0
2,0.376094744962297
3,0.40102902565683635
4,0.40013305192643944
5,0.412261351197958
6,0.3963234095937676
7,0.38559783101081846
8,0.39221263549157553
9,0.3935520480786051
10,0.3720416093617678
11,0.3876863019806998
12,0.39916896257135603
13,0.40599244758486747
14,0.393005745857954
15,0.39224158248731067
