Timestep,Average Similarity
1,0.0
2,0.37406526764056514
3,0.431255516409874
4,0.39624744839966297
5,0.43223480383555096
6,0.43749204703739714
7,0.39479685574769974
8,0.4354173792260034
9,0.4244102052279881
10,0.42976101828472957
11,0.3987430527806282
12,0.42755145686013357
13,0.4146422281861305
14,0.4240835279226303
15,0.4229403038819631
